stage,n,mean,median,p95,p99,min,max
Stage 1 - Keyword Filter,200,0.11291401096968912,0.03793749783653766,0.33347980061080307,0.7914865913335214,0.004708999767899513,4.407625005114824
Stage 2 - DistilBERT,200,51.09903835429577,50.797104006051086,58.025012486905325,63.697185341734425,33.01799998735078,104.1705830139108
Stage 2.5 - Sub-Filter,200,0.029773715796181932,0.016770994989201427,0.09872949012788006,0.18272751040058052,0.0009159848559647799,0.4377080185804516
Stage 3 - Rule Reasoner,200,0.09482435038080439,0.032145995646715164,0.24356041249120577,0.630657085857817,0.00837500556372106,4.335834004450589
End-to-End Cascade,200,28.142918115336215,43.24458348855842,64.44852950080531,104.5002935061347,0.005500012775883079,131.75937498454005
